<?xml version="1.0" encoding="UTF-8"?>
<Event ID="Heavy Medal Event" Active="26 Dec 2013-21 Dec 2015" xmlns:xsi="http://www.w3.org/2001/XMLSchema-instance" xsi:noNamespaceSchemaLocation="../xsd/faenor.xsd">
   <Droplist>
      <AllDrop Items="6393"
         Count="1,1"
         Chance="20%">
      </AllDrop>
      <AllDrop Items="6392"
         Count="1,3"
         Chance="100%">
      </AllDrop>
   </Droplist>
   <Message
      Type="OnJoin"
      Msg="Heavy Medal Event: Colete Medalhas e e troque por premios nos Gatos de eventos em cada cidade! Anda logo, o evento terminara em 1 Aug as 0:00 hrs.!">
   </Message>
   <EventEnd>
      <Take From="AllPlayers">
         <Item ItemID="6392-6393"></Item>
      </Take>
   </EventEnd>
</Event>